,https://twitter.com/TheNonaNFT,https://x.com/TheNonaNFT/status/1772658638311530521?s=20
0xa9a5BcFeDfF89f30ABb2E2E634BeAd685D3f82dE,
,https://twitter.com/cryprofred,https://x.com/cryprofred/status/1772654930551013601?s=20,Shared address on Discord for more privacy,
,https://twitter.com/dukeoxdegen,https://x.com/dukeoxdegen/status/1772678183927546215?s=20
0xC7C090b36d20759A899744E3B29226b35Bed84b9,
,https://twitter.com/DevidMoskalenko,https://x.com/DevidMoskalenko/status/1772681101795790979?s=20
0xa2AaaDF66ca644862DEE01d6CDFa416EDea92F20,
,https://twitter.com/Levioffan13,https://x.com/Levioffan13/status/1772693031927283815?s=20
0xcC9760dc070172b0Eba51C4cFD4f8b4B0334941A,
,https://x.com/rathoretrader,https://x.com/rathoretrader/status/1772721831738220545?s=20
0xBA01CB8659924048c042357EC8F952CE15059d7D,
,https://x.com/Magic13140,https://x.com/Magic13140/status/1772728818760855729?s=20
0x176dE39714ab04c1Bd72DC9242A19464B4A22e61,
,https://twitter.com/akewnamora,https://x.com/akewnamora/status/1772812020687180099?s=20
0x4671c63F54FC168f07c05E63a3f76fe3EE806811,
,https://twitter.com/AzizChoiruul,https://x.com/AzizChoiruul/status/1772962470807716072?s=20
0x015BcbeE57c9d5cc2d1311881Bbe1Eb5727feaee,
,https://twitter.com/Victoroix,https://x.com/Victoroix/status/1772980471451763171?s=20
0x98323c911Ca095BeF4F293886A3E83Ac1Bf0Bd42,
,https://twitter.com/kingtherium,https://x.com/kingtherium/status/1773204216779043202?s=20
0x0D700f3Fd2f32B6394745BCf87C457042e14d3A6,
,https://twitter.com/HBonus8,https://x.com/HBonus8/status/1773345513007403100?s=20
0xF7999AB385717068226F0AE65010a4feABD2B7cA,
,https://x.com/duleba_marcin,https://x.com/duleba_marcin/status/1773544032557273563?s=20
0x726Ad4BDaF04eD2EB26c43881f8d8648f7ABC047,
,https://twitter.com/0xAdemo,https://x.com/0xAdemo/status/1773615935506583681?s=20
0x0000CE08fa224696A819877070BF378e8B131ACF,
,https://twitter.com/RomanKopylov9,https://x.com/RomanKopylov9/status/1776229204368986381
0x84540C74d3e37C08f554C0a37D8b01dFF3D2018f,
,https://x.com/WazzupCrypto,https://x.com/WazzupCrypto/status/1776261726968877390
0x5A6751623861A8b6DbBbcc445638caba55aDd302,
,https://twitter.com/________chh,https://x.com/________chh/status/1776268127791128898
0x7c4eef71Fb17F50D2d8E17bC465B247584431b76,
,https://twitter.com/0xpeternguyen,https://x.com/0xpeternguyen/status/1776270157079626143
0xED217008de92D861b6990381abc9c6C27822B34A,
,https://twitter.com/AbdulPoaziz,https://x.com/AbdulPoaziz/status/1776269901273207203
0xb65924AC386dA2faE38367B8F63541Ec242829f9,
,https://twitter.com/Dafitmunawar1,https://x.com/Dafitmunawar1/status/1776281146357326110
0x7812Bc7b014D3BAa7a7d28d1a8380D5A69112fE2,
,https://twitter.com/faraaaylf,https://x.com/faraaaylf/status/1776295210370089065
0x854db5c41419a42967de4ec6a47c011b28b227eb,
,https://twitter.com/Francis51285898,https://x.com/Francis51285898/status/1776295266062159936
0x64bAC0FC115Ef0bb3e49EAcafE89a8404Dbb4c8a,
,https://twitter.com/sut1890,https://x.com/sut1890/status/1776295390872322418
0xa012b32d3568cc93713a5e63df7a772af034af9a,
,https://twitter.com/80tiagolopes,https://x.com/80tiagolopes/status/1776298049968406894
0xef6103de90208F3dfAce661EadB120Cf8075f9D2,
,https://twitter.com/fommes1,https://x.com/fommes1/status/1776304502196314589
0xd666a8547dff535a2b4e27f2f7f6760374df2dd6,
,https://twitter.com/tarmizi_farid,https://x.com/tarmizi_farid/status/1776308786816598082
0xC39C6b16b0e614349c4ccc1c5434C78db1b10238,
,,https://x.com/Kochengsmeong/status/1776318263829709003
0xC870657081762Da0C0D3a4aD5a3cFE2b9a301c62,
,,https://x.com/vasseuroy/status/1776318290060886327
0x4D35c6f6469D7178C5E3B0626BA3e3C09023B2a5,
,,https://x.com/cikaladtyz/status/1776318290450956442
0xc67444E61eb20c07AB616035e57DF200fcefa587,
,,https://x.com/AliQways/status/1776318324009476362
0xe04dC7181B47ADE86391B11cDC71eE2D78F7F5EA,
,,https://x.com/akbarmaulanaeth/status/1776318332352053478
0x741dEB06E541e51e709c4a7a91C3751d259AcE85,
,,https://x.com/ciskekbanana/status/1776318346864345442
0xdcd04A5fc4b168DBB0E4432cBF9d8799BB4a0521,
,,https://x.com/Rendysss1/status/1776318349242515804
0x445162D9F9170D6E2Bd32939421321E7F1A4B4aD,
,,https://x.com/quagmiko35/status/1776318357496803530
0x51c4EB317A463E9D60f1D027214ef1aB3D115d55,
,,https://x.com/kkaryono668/status/1776318363805032718
0xca70a00bf14088ddf338b5d3a0ab4fbaf97e5873,
,,https://x.com/Mecachain/status/1776318441223602667
0x00B0C9cE3FdF50F046B4Ff445F3Ce1895f674A0C,
,,https://x.com/RendyRomary/status/1776318472466866657
0xF7D37cB2595F44AeFcf02B502691bc20f260cD77,
,,https://x.com/Capt_Kiddie/status/1776318477449806162
0xb074589E30f8C7Fd0C990CC550e0A6284b98694B,
,,https://x.com/kolor_kuning/status/1776318492708684088
0x59E95Cef5dC6Dd5e152a5bECC36c5d2683075A3e,
,,https://x.com/airdropfarmings/status/1776318500354900141
0xcF1E9Dc07A3E3935cb9d9d2ce2caB1419655c85E,
,,https://x.com/blastXtech/status/1776318528871973305
0x1feCB38AD477987693b4f1225a1de3AA40B0687C,
,,https://x.com/marinehoy/status/1776318535498973414
0x2D52e8F152BC792766e68273a96cd82BeeaAe728,
,,https://x.com/0xiChl/status/1776318580784873554
0xFEAF4d89d08793C971E7Eac5b6D5F64C224365B6,
,,https://x.com/artdizy27/status/1776318620190359927
0x00f9c5776f4d4b9de0972161089165313f9b3438,
,,https://x.com/kolor_kuning/status/1776318492708684088
0x59E95Cef5dC6Dd5e152a5bECC36c5d2683075A3e,
,,https://x.com/Emjeecyt/status/1776318656554868906
0xaE9f53F1eA95BD8145B166bcA8918482ed459E7E,
,,https://x.com/sheeran_eth/status/1776318671474114683
0x004eD56A47029756e8a746E2CE5DeA22a62B3123,
,,https://x.com/drunxyz/status/1776318688431685988
0x325A51514922bBD4e3184854F8F3A35F3C540480,
,,https://x.com/ravenscorft/status/1776318694756696352
0x8100890bB05fb5a615D6a8886656eCF254A98B91,
,,https://x.com/RendyRomary/status/1776318472466866657
0xF7D37cB2595F44AeFcf02B502691bc20f260cD77,
,,https://x.com/sohibrachman/status/1776318731343609937
0x7F1884213ce8466Bb9Cf2621a473a7dD7908fD69,
,,https://x.com/rizaldiff/status/1776318752411599197
0x94b44d732CFd0584f4A61085Cb7988d87685a43a,
,,https://x.com/seiya2607/status/1776318852525441075
0x8f9130E1878298D626BFB7E43b6Cd11e02446636,
,,https://x.com/ald_darmawan/status/1776318917239251092
0xedcaE5edBa43aC331Ae04CcE2096CA9b72DFbA1b,
,,https://x.com/IqbaalAqeela/status/1776318920217207127
0x021Cf984606826b0c3fc6ac1580c75d5345cc14b,
,,https://x.com/neotechg/status/1776318921572073728
0xb342CDdcDc7382a25B0A6eA08f82345D596F8Ac8,
,,https://x.com/minne_57/status/1776318952169415094
0xe797735e4b03480a140248Cc9F1cC42df91AFda5,
,,https://x.com/Vlx_vns/status/1776319040274964592
0xd42C2A5Cd8Cb8F7C699217Ed53297FaAfe475cD0,
,,https://x.com/Ikramfermana25/status/1776319090493436375
0x47488ada4d20a74bfd576a0d21a6c00896a0d6da,
,,https://x.com/AMELDILA1/status/1776319134504304797
0x618FF7C758BCfE00Cce6256881963badA5A09B23,
,,https://x.com/Outserc/status/1776319257338585169
0xbAEC222C057c4511F73b72D64bdFF46dDbc0D99B,
,,https://x.com/GugatDawala/status/1776319562381926520
0xd46cF09a15746952fE18912db3543F9b99277E53,
,,https://x.com/abdee_zay/status/1776319838723752226
0x8eBBf4D9Ed8dd029c95Ee9F06AD00240F535B58e,
,,https://x.com/oxrinnn/status/1776319891223855161
0x13167ff6f66371146dcb42c3765a702d9a9ecb3b,
,,https://x.com/AsriqulHardi/status/1776320138616381666
0xfe1A0598e7c0ba8423A66AcC678aD5842FCA10Ff,
,,https://x.com/tongsirikan/status/1776320337669767215
0xDBA52e73dA0D0c8D8D6beD465Ca0515E62FFcEA7,
,,https://x.com/dwyorgg/status/1776321212312068454
0x9aAbb8B753Ee48Bf57dDE57103FDaaf9C445C178,
,,https://x.com/Blockchains_FR/status/1776321602776424658
0x14e38E92A8f3f39Ae41C519c4F124163BB53E18d,
,,https://x.com/pingmeth/status/1776324278281183259
0x55Ab0A4C07cb1b9cbAc58386BD6adF97E6918B5f,
,,https://x.com/0xAdefebrian/status/1776324307549143230
0xc157405391264b4E5d9F5896104cCfa5CAc9D39D,
,,https://x.com/Zampa12466031/status/1776326135116165338
0x021347565515e576Ef931E404d628DA613d785b9,
,,https://x.com/JoeJimPic/status/1776327394141278278
0x1d758Ef045Ed0afd4571D7AEBb42BFb45fc10FDD,
,,https://x.com/___ukon___/status/1776327762959278352
0xDec584861c6B4D566EF598810c22a00FBF082022,
,,https://x.com/ZANNJAGGO/status/1776327824254943388
0x8a13eD93ea59f1230e3f59D751aD94fC263f6Cb8,
,,https://x.com/0xdariel/status/1776328571696693261
0x498b86d6e84686e8c3a16aabcff822d2d2cc4c2d,
,,https://x.com/LoadedCT/status/1776328578424082575
0xC9F0cf45117A630e0874DF221F93eF767d3bD1f7,
,,https://x.com/ryusuke6382/status/1776328686746451977
0xf8e9D2e97fA89FD21c03409262862edf0BB40c1f,
,,https://x.com/pitunggans/status/1776328696171053348
0x9098cFeB26256B42f11994226b399BfF76e0fFB2,
,,https://x.com/borzszk/status/1776328715070587025
0x0e60173a62C715B90Ea39Ec5Af6F66eF7166679F,
,,https://x.com/lucxnode/status/1776328833370931392
0xC53c8cA3DE8524d65A273aB764874f95666e201C,
,,https://x.com/rezap9586/status/1776328882691752096
0xfB3ced44B94c012Cd52f783E2b37Ca9f3a994b0a,
,,https://x.com/nomercyneverdie/status/1776328927319040096
0x843a2b0640cad7fb5875F54339c60DcE186099E7,
,,https://x.com/CryptoLeonidas1/status/1776328947048812786
0xF6DD5c79f9a0Ef0fc3227c8637845941ba5f4a31,
,,https://x.com/lucx_/status/1776329058890162544
0x8b145B7d2fF087830faF6c638469fa30C02EF021,
,,https://x.com/fakehamster_/status/1776329415028515194
0x0e54736D61c578cB254ef74D6598eCe99FaF8796,
,,https://x.com/yroxxyo/status/1776329629290340797
0x01082fE0EfF957B4BC9Ca8CAbA1b25882abea724,
,,https://x.com/Yourcrush1410/status/1776329962162995336
0xF85feCEF8F31739b29efE754ED7e4d12106Bf7Fc,
,,https://x.com/excelpic/status/1776330415718146212
0xe52DA775afFBE83acC6814dbE4A18c8A58161aad,
,,https://x.com/HeriYuliant/status/1776331008679485680
0x5A5325a050cFa0CD2ce905A54019D86278f7fad5,
,,https://x.com/Mjuki117913/status/1776331320324661254
0xA06392fc1F9DBd3821c37a2a374Aea273015A436,
,,https://x.com/vemon_eth/status/1776332315783786799
0xCd5DfFfdCA595cD5CF3E02011bf04730680295df,
,,https://x.com/yjbehu/status/1776334106189873274
0x2845C81cD19E784edeb30307fE031135abBe3ae1,
,,https://x.com/zadittech/status/1776334560365887968
0x470243d7f3e996179C9D71E4d33fFc38cf963099,
,,https://x.com/SpeedracerCR/status/1776334920995991732
0x28bd532302cdb567360c0a4715477a9e08e288c2,
,,https://x.com/PewpewG_/status/1776336647287980249
0x0E4e2C5Ae8E98e4864fE7A85A286D062d481C563,
,,https://x.com/GiulioRoscigno/status/1776337272159268936
0xE13a3ec03a41d19F79CF216f3E3e0cDaae6412e9,
,,https://x.com/Labyb_bLues/status/1776337595200581868
0xbd87904f4Ba235c695739c99F590a94444e3D2c6,
,,https://x.com/Aliyatus28/status/1776338034017149002
0x2F0114F3404414A1078CbDE526Fbd95b04700bc6,
,,https://x.com/Edbertt_/status/1776341456338534853
0x19f1C9e91344DE35A3CcEc6BdF8c0680Dd17B6Dc,
,,https://x.com/NANOsocialEGO/status/1776342397992976576
0x189988e813789e295227fa0f48C7CBcA068Cc87d,
,,https://x.com/rlucasbets/status/1776343594015625246
0xa1909f656e11086902c23Ce4BC2EE1B4950aDAeE,
,,https://x.com/Adisamsul99/status/1776343765273493775
0x54CB953413EAd5A3679dE4Ee61C45E42F64F69d6,
,,https://x.com/alex1571337/status/1776344498382987597
0x88c7543c62417708703597fA37097BD0eB16ee45,
,,https://x.com/milot73103263/status/1776345243883118613
0x4827520a9D42528DC43776aAE6bbCFcf9972fA42,
,,https://x.com/oknoart/status/1776345684494417957
0xF4b40B20572D117EAD7b5ca3C7eFf7d3CBdC4067,
,,https://x.com/VIIBlock/status/1776349331097805192
0xCa6e99F7f3fCE588FD0bD95E81D5FFce2e713D27,
,,https://x.com/FinanceGuy656/status/1776357971800326198
0xdbFF52676193003c5293A91B243da80892b94Df9,
,,https://x.com/uminilah_101/status/1776359241043087400
0xb8D0538d5b6ffeBFAe6D77Be0a6a6C040433ACE8,
,,https://x.com/0xFiqras/status/1776359546879184946
0x962ba8f1e56784ff1c29e8020635f0eB83003196,
,,https://x.com/momyzlya/status/1776360459249299773
0x6F32AA5A6198329c16e438512F992a0548C856f9,
,,https://x.com/lubangkerut/status/1776361058749514079
0x9dd9650f7136e02504aac2cb072a1909d601f7a2,
,,https://x.com/alfngh/status/1776361487348674765
0x8c6503fdf0cdc4862b838ac54babd76887b4cecd,
,,https://x.com/pyshrwt/status/1776370611436040258
0x59612F1F597b7e957506597d5Aa43c3548CAC99B,